"reviewNumber","imageId","registryStatus","projectSlug","siteRelativePath","siteFilename","cameraCode","choice","selectedCandidate","selectedRawPath","note"
"001","imgreg-000001","resolved","000 - unusuall_usual","src/projects/000 - unusuall_usual/01__DSC_1017.jpg","01__DSC_1017.jpg","DSC_1017","A","A","D:\RAW\2019\02 februar 2019\DSC_1017.NEF","Default approved RAW candidate A."
"002","imgreg-000002","resolved","000 - unusuall_usual","src/projects/000 - unusuall_usual/02__DSC_2785.jpg","02__DSC_2785.jpg","DSC_2785","N","","","User marked no RAW match."
"003","imgreg-000003","resolved","000 - unusuall_usual","src/projects/000 - unusuall_usual/03.jpg","03.jpg","DSC_8701","A","A","","Default approved RAW candidate A."
"004","imgreg-000004","resolved","000 - unusuall_usual","src/projects/000 - unusuall_usual/04__IMG_4585.jpg","04__IMG_4585.jpg","IMG_4585","A","A","","Default approved RAW candidate A."
"005","imgreg-000005","resolved","000 - unusuall_usual","src/projects/000 - unusuall_usual/05__DSC_4934.jpg","05__DSC_4934.jpg","DSC_4934","A","A","D:\RAW\2017\4.2.17 lub lab joker, nazi cross, smoking, r2d2, sonia,\DSC_4934.NEF","Default approved RAW candidate A."
"006","imgreg-000006","resolved","000 - unusuall_usual","src/projects/000 - unusuall_usual/06__DSC_0019.jpg","06__DSC_0019.jpg","DSC_0019","C","C","D:\RAW\2017\DNG\DSC_0019 kursa cat 001.dng","User approved a non-default RAW candidate."
"007","imgreg-000007","resolved","000 - unusuall_usual","src/projects/000 - unusuall_usual/07__DSC_1776.jpg","07__DSC_1776.jpg","DSC_1776","A","A","D:\RAW\2017\23-1-17\DSC_1776 ulotka cigarate.NEF","Default approved RAW candidate A."
"008","imgreg-000008","resolved","000 - unusuall_usual","src/projects/000 - unusuall_usual/08.jpg","08.jpg","DSC_9719","A","A","D:\RAW\2017\04 april 25,2017 u marta tanc priest michal lot moon  mozart jesus\DSC_9719.NEF","Default approved RAW candidate A."
"009","imgreg-000009","resolved","000 - unusuall_usual","src/projects/000 - unusuall_usual/09__DSC_0961.jpg","09__DSC_0961.jpg","DSC_0961","A","A","D:\RAW\100D3300\DSC_0961 BROKEN EGGS.NEF","Default approved RAW candidate A."
"010","imgreg-000010","resolved","000 - unusuall_usual","src/projects/000 - unusuall_usual/10__DSC_6236.jpg","10__DSC_6236.jpg","DSC_6236","A","A","","Default approved RAW candidate A."
"011","imgreg-000011","resolved","000 - unusuall_usual","src/projects/000 - unusuall_usual/11__DSC_5703.jpg","11__DSC_5703.jpg","DSC_5703","N","","","User marked no RAW match."
"012","imgreg-000012","resolved","000 - unusuall_usual","src/projects/000 - unusuall_usual/12__DSC_0629.jpg","12__DSC_0629.jpg","DSC_0629","A","A","D:\RAW\2018\02 - Februar 2018\DSC_0629.NEF","Default approved RAW candidate A."
"013","imgreg-000013","resolved","000 - unusuall_usual","src/projects/000 - unusuall_usual/13__DSCF0432.jpg","13__DSCF0432.jpg","DSCF0432","A","A","","Default approved RAW candidate A."
"014","imgreg-000014","unresolved","000 - unusuall_usual","src/projects/000 - unusuall_usual/14.jpg","14.jpg","","A","A","","Default approved RAW candidate A."
"015","imgreg-000015","resolved","000 - unusuall_usual","src/projects/000 - unusuall_usual/15__DSC_0966.jpg","15__DSC_0966.jpg","DSC_0966","A","A","D:\RAW\2019\02 februar 2019\DSC_0966.NEF","Default approved RAW candidate A."
"016","imgreg-000016","resolved","000 - unusuall_usual","src/projects/000 - unusuall_usual/16__DSC_6567.jpg","16__DSC_6567.jpg","DSC_6567","A","A","D:\RAW\2018\05 May 2018 100\DSC_6567 BRZOZA.NEF","Default approved RAW candidate A."
"017","imgreg-000017","resolved","000 - unusuall_usual","src/projects/000 - unusuall_usual/17__DSC_0237.jpg","17__DSC_0237.jpg","DSC_0237","A","A","D:\RAW\2018\03 - March 2018\DSC_0237.NEF","Default approved RAW candidate A."
"018","imgreg-000018","resolved","000 - unusuall_usual","src/projects/000 - unusuall_usual/18__DSC_2434.jpg","18__DSC_2434.jpg","DSC_2434","A","A","D:\RAW\2017\23-1-17\DSC_2434 global.NEF","Default approved RAW candidate A."
"019","imgreg-000019","resolved","000 - unusuall_usual","src/projects/000 - unusuall_usual/19__DSC_0109.jpg","19__DSC_0109.jpg","DSC_0109","A","A","D:\RAW\2018\04 - April 2018 visit sisters\visit sisters DSC_0109.NEF","Default approved RAW candidate A."
"020","imgreg-000020","held","000 - unusuall_usual","src/projects/000 - unusuall_usual/20.jpg","20.jpg","DSC_0051","N","","","User marked no RAW match."
"021","imgreg-000021","resolved","000 - unusuall_usual","src/projects/000 - unusuall_usual/21__DSC_4960.jpg","21__DSC_4960.jpg","DSC_4960","N","","","User marked no RAW match."
"022","imgreg-000022","resolved","000 - unusuall_usual","src/projects/000 - unusuall_usual/23__DSC_0714.jpg","23__DSC_0714.jpg","DSC_0714","A","A","D:\RAW\2018\02 - Februar 2018\DSC_0714.NEF","Default approved RAW candidate A."
"023","imgreg-000023","resolved","000 - unusuall_usual","src/projects/000 - unusuall_usual/24__DSC_3348.jpg","24__DSC_3348.jpg","DSC_3348","A","A","D:\RAW\2017\18,31-1-17 maria window fence puppet\DSC_3348.NEF","Default approved RAW candidate A."
"024","imgreg-000024","resolved","000 - unusuall_usual","src/projects/000 - unusuall_usual/25.jpg","25.jpg","DSC_8739","N","","","User marked no RAW match."
"025","imgreg-000025","resolved","000 - unusuall_usual","src/projects/000 - unusuall_usual/26__DSC_3773.jpg","26__DSC_3773.jpg","DSC_3773","A","A","D:\RAW\2017\sub\DSC_3773.NEF","Default approved RAW candidate A."
"026","imgreg-000026","resolved","001 - window_to_redemption","src/projects/001 - window_to_redemption/01__DSC_6562.jpg","01__DSC_6562.jpg","DSC_6562","N","","","User marked no RAW match."
"027","imgreg-000027","resolved","001 - window_to_redemption","src/projects/001 - window_to_redemption/02__DSC_0326.jpg","02__DSC_0326.jpg","DSC_0326","A","A","D:\RAW\2018\03 - March 2018\DSC_0326.NEF","Default approved RAW candidate A."
"028","imgreg-000028","resolved","001 - window_to_redemption","src/projects/001 - window_to_redemption/03__DSC_2827.jpg","03__DSC_2827.jpg","DSC_2827","A","A","D:\RAW\2020\03 merch 2020 batman 007\DSC_2827.NEF","Default approved RAW candidate A."
"029","imgreg-000029","unresolved","001 - window_to_redemption","src/projects/001 - window_to_redemption/04.jpg","04.jpg","","A","A","","Default approved RAW candidate A."
"030","imgreg-000030","resolved","001 - window_to_redemption","src/projects/001 - window_to_redemption/05.jpg","05.jpg","DSC_6481","A","A","","Default approved RAW candidate A."
"031","imgreg-000031","resolved","001 - window_to_redemption","src/projects/001 - window_to_redemption/06.jpg","06.jpg","DSC_7294","N","","","User marked no RAW match."
"032","imgreg-000032","resolved","001 - window_to_redemption","src/projects/001 - window_to_redemption/07__DSC_9252.jpg","07__DSC_9252.jpg","DSC_9252","N","","","User marked no RAW match."
"033","imgreg-000033","resolved","001 - window_to_redemption","src/projects/001 - window_to_redemption/08__DSC_7654.jpg","08__DSC_7654.jpg","DSC_7654","N","","","User marked no RAW match."
"034","imgreg-000034","resolved","001 - window_to_redemption","src/projects/001 - window_to_redemption/10__DSC_7305.jpg","10__DSC_7305.jpg","DSC_7305","N","","","User marked no RAW match."
"035","imgreg-000035","resolved","001 - window_to_redemption","src/projects/001 - window_to_redemption/11__DSC_3224.jpg","11__DSC_3224.jpg","DSC_3224","A","A","D:\RAW\04-06-23\Warsaw - Plac - April - May 2023\DSC_3224.NEF","Default approved RAW candidate A."
"036","imgreg-000036","resolved","001 - window_to_redemption","src/projects/001 - window_to_redemption/12__DSC_3404.jpg","12__DSC_3404.jpg","DSC_3404","A","A","D:\RAW\04-06-23\Warsaw - Plac - April - May 2023\DSC_3404.NEF","Default approved RAW candidate A."
"037","imgreg-000037","resolved","001 - window_to_redemption","src/projects/001 - window_to_redemption/13.jpg","13.jpg","DSC_9579","N","","","User marked no RAW match."
"038","imgreg-000038","resolved","001 - window_to_redemption","src/projects/001 - window_to_redemption/15__DSC_6050.jpg","15__DSC_6050.jpg","DSC_6050","A","A","","Default approved RAW candidate A."
"039","imgreg-000039","resolved","001 - window_to_redemption","src/projects/001 - window_to_redemption/16.jpg","16.jpg","DSC_6999","N","","","User marked no RAW match."
"040","imgreg-000040","resolved","001 - window_to_redemption","src/projects/001 - window_to_redemption/18__DSC_2921.jpg","18__DSC_2921.jpg","DSC_2921","A","A","D:\RAW\2020\03 merch 2020 batman 007\DSC_2921.NEF","Default approved RAW candidate A."
"041","imgreg-000041","resolved","001 - window_to_redemption","src/projects/001 - window_to_redemption/32__DSC_4883.jpg","32__DSC_4883.jpg","DSC_4883","N","","","User marked no RAW match."
"042","imgreg-000042","resolved","002 - ohhhhh_your_god","src/projects/002 - ohhhhh_your_god/01__DSC_4216.jpg","01__DSC_4216.jpg","DSC_4216","A","A","D:\RAW\2017\4.2.17 lub lab joker, nazi cross, smoking, r2d2, sonia,\DSC_4216.NEF","Default approved RAW candidate A."
"043","imgreg-000043","resolved","002 - ohhhhh_your_god","src/projects/002 - ohhhhh_your_god/02.jpg","02.jpg","DSC_6739","A","A","D:\RAW\2019\06 june 2019\DSC_6739.NEF","Default approved RAW candidate A."
"044","imgreg-000044","unresolved","002 - ohhhhh_your_god","src/projects/002 - ohhhhh_your_god/03.jpg","03.jpg","","A","A","","Default approved RAW candidate A."
"045","imgreg-000045","resolved","002 - ohhhhh_your_god","src/projects/002 - ohhhhh_your_god/04__DSC_9833.jpg","04__DSC_9833.jpg","DSC_9833","A","A","D:\RAW\2017\04 april 25,2017 u marta tanc priest michal lot moon  mozart jesus\DSC_9833.NEF","Default approved RAW candidate A."
"046","imgreg-000046","resolved","002 - ohhhhh_your_god","src/projects/002 - ohhhhh_your_god/05.jpg","05.jpg","DSC_0229","A","A","D:\RAW\2018\03 - March 2018\DSC_0229.NEF","Default approved RAW candidate A."
"047","imgreg-000047","resolved","002 - ohhhhh_your_god","src/projects/002 - ohhhhh_your_god/06__DSC_7437.jpg","06__DSC_7437.jpg","DSC_7437","A","A","D:\RAW\2019\06 june 2019\DSC_7437.NEF","Default approved RAW candidate A."
"048","imgreg-000048","resolved","002 - ohhhhh_your_god","src/projects/002 - ohhhhh_your_god/07__DSC_4712.jpg","07__DSC_4712.jpg","DSC_4712","A","A","","Default approved RAW candidate A."
"049","imgreg-000049","resolved","002 - ohhhhh_your_god","src/projects/002 - ohhhhh_your_god/08__DSC_9251.jpg","08__DSC_9251.jpg","DSC_9251","A","A","","Default approved RAW candidate A."
"050","imgreg-000050","resolved","002 - ohhhhh_your_god","src/projects/002 - ohhhhh_your_god/09__DSC_7911.jpg","09__DSC_7911.jpg","DSC_7911","A","A","D:\RAW\2017\04 april 25,2017 u marta tanc priest michal lot moon  mozart jesus\DSC_7911 priest.NEF","Default approved RAW candidate A."
"051","imgreg-000051","resolved","002 - ohhhhh_your_god","src/projects/002 - ohhhhh_your_god/10__DSC_4860.jpg","10__DSC_4860.jpg","DSC_4860","N","","","User marked no RAW match."
"052","imgreg-000052","resolved","002 - ohhhhh_your_god","src/projects/002 - ohhhhh_your_god/11.jpg","11.jpg","DSC_4860","N","","","User marked no RAW match."
"053","imgreg-000053","resolved","002 - ohhhhh_your_god","src/projects/002 - ohhhhh_your_god/12__DSC_8384.jpg","12__DSC_8384.jpg","DSC_8384","A","A","D:\RAW\2018\05 May 2018 101\DSC_8384.NEF","Default approved RAW candidate A."
"054","imgreg-000054","unresolved","002 - ohhhhh_your_god","src/projects/002 - ohhhhh_your_god/13.jpg","13.jpg","","A","A","","Default approved RAW candidate A."
"055","imgreg-000055","resolved","002 - ohhhhh_your_god","src/projects/002 - ohhhhh_your_god/14__DSC_8241.jpg","14__DSC_8241.jpg","DSC_8241","A","A","D:\RAW\2018\05 May 2018 101\DSC_8241.NEF","Default approved RAW candidate A."
"056","imgreg-000056","resolved","002 - ohhhhh_your_god","src/projects/002 - ohhhhh_your_god/15__DSC_3856.jpg","15__DSC_3856.jpg","DSC_3856","A","A","","Default approved RAW candidate A."
"057","imgreg-000057","resolved","002 - ohhhhh_your_god","src/projects/002 - ohhhhh_your_god/16__DSC_4735.jpg","16__DSC_4735.jpg","DSC_4735","A","A","D:\RAW\2018\04 -April 2018 100\april 18 DSC_4735.NEF","Default approved RAW candidate A."
"058","imgreg-000058","unresolved","002 - ohhhhh_your_god","src/projects/002 - ohhhhh_your_god/17.jpg","17.jpg","","A","A","","Default approved RAW candidate A."
"059","imgreg-000059","resolved","002 - ohhhhh_your_god","src/projects/002 - ohhhhh_your_god/18__DSC_6754.jpg","18__DSC_6754.jpg","DSC_6754","A","A","D:\RAW\2019\06 june 2019\DSC_6754.NEF","Default approved RAW candidate A."
"060","imgreg-000060","resolved","003 - demon_stration","src/projects/003 - demon_stration/01__DSC_5854.jpg","01__DSC_5854.jpg","DSC_5854","N","","","User marked no RAW match."
"061","imgreg-000061","resolved","003 - demon_stration","src/projects/003 - demon_stration/02.jpg","02.jpg","DSC_5946","N","","","User marked no RAW match."
"062","imgreg-000062","resolved","003 - demon_stration","src/projects/003 - demon_stration/03__DSC_6115.jpg","03__DSC_6115.jpg","DSC_6115","N","","","User marked no RAW match."
"063","imgreg-000063","resolved","003 - demon_stration","src/projects/003 - demon_stration/04.jpg","04.jpg","DSC_5791","N","","","User marked no RAW match."
"064","imgreg-000064","resolved","003 - demon_stration","src/projects/003 - demon_stration/05__DSC_5785.jpg","05__DSC_5785.jpg","DSC_5785","N","","","User marked no RAW match."
"065","imgreg-000065","resolved","003 - demon_stration","src/projects/003 - demon_stration/06__DSC_5776.jpg","06__DSC_5776.jpg","DSC_5776","N","","","User marked no RAW match."
"066","imgreg-000066","resolved","003 - demon_stration","src/projects/003 - demon_stration/07.jpg","07.jpg","DSC_5795","N","","","User marked no RAW match."
"067","imgreg-000067","resolved","003 - demon_stration","src/projects/003 - demon_stration/08__DSC_6202.jpg","08__DSC_6202.jpg","DSC_6202","N","","","User marked no RAW match."
"068","imgreg-000068","resolved","003 - demon_stration","src/projects/003 - demon_stration/09__DSC_6183.jpg","09__DSC_6183.jpg","DSC_6183","N","","","User marked no RAW match."
"069","imgreg-000069","resolved","003 - demon_stration","src/projects/003 - demon_stration/10__DSC_8155.jpg","10__DSC_8155.jpg","DSC_8155","N","","","User marked no RAW match."
"070","imgreg-000070","unresolved","003 - demon_stration","src/projects/003 - demon_stration/11.jpg","11.jpg","","A","A","","Default approved RAW candidate A."
"071","imgreg-000071","resolved","003 - demon_stration","src/projects/003 - demon_stration/12__DSC_6906.jpg","12__DSC_6906.jpg","DSC_6906","A","A","D:\RAW\2019\06 june 2019\DSC_6906.NEF","Default approved RAW candidate A."
"072","imgreg-000072","resolved","003 - demon_stration","src/projects/003 - demon_stration/13.jpg","13.jpg","DSC_6132","N","","","User marked no RAW match."
"073","imgreg-000073","resolved","003 - demon_stration","src/projects/003 - demon_stration/14.jpg","14.jpg","DSC_0653","N","","","User marked no RAW match."
"074","imgreg-000074","resolved","003 - demon_stration","src/projects/003 - demon_stration/15__DSC_9838.jpg","15__DSC_9838.jpg","DSC_9838","N","","","User marked no RAW match."
"075","imgreg-000075","resolved","003 - demon_stration","src/projects/003 - demon_stration/16__DSC_5800.jpg","16__DSC_5800.jpg","DSC_5800","N","","","User marked no RAW match."
"076","imgreg-000076","resolved","003 - demon_stration","src/projects/003 - demon_stration/17__DSC_4834.jpg","17__DSC_4834.jpg","DSC_4834","N","","","User marked no RAW match."
"077","imgreg-000077","resolved","003 - demon_stration","src/projects/003 - demon_stration/18.jpg","18.jpg","DSC_8404","A","A","D:\RAW\2019\09 september 2019\DSC_8404.NEF","Default approved RAW candidate A."
"078","imgreg-000078","resolved","003 - demon_stration","src/projects/003 - demon_stration/19.jpg","19.jpg","DSC_8383","A","A","D:\RAW\2019\09 september 2019\DSC_8383.NEF","Default approved RAW candidate A."
"079","imgreg-000079","resolved","003 - demon_stration","src/projects/003 - demon_stration/20.jpg","20.jpg","DSC_8388","A","A","D:\RAW\2019\09 september 2019\DSC_8388.NEF","Default approved RAW candidate A."
"080","imgreg-000080","resolved","003 - demon_stration","src/projects/003 - demon_stration/21.jpg","21.jpg","DSC_8360","A","A","D:\RAW\2019\09 september 2019\DSC_8360.NEF","Default approved RAW candidate A."
"081","imgreg-000081","resolved","003 - demon_stration","src/projects/003 - demon_stration/22__DSC_0052.jpg","22__DSC_0052.jpg","DSC_0052","N","","","User marked no RAW match."
"082","imgreg-000082","resolved","003 - demon_stration","src/projects/003 - demon_stration/23__DSC_0239.jpg","23__DSC_0239.jpg","DSC_0239","N","","","User marked no RAW match."
"083","imgreg-000083","resolved","003 - demon_stration","src/projects/003 - demon_stration/24__DSC_0382.jpg","24__DSC_0382.jpg","DSC_0382","N","","","User marked no RAW match."
"084","imgreg-000084","resolved","003 - demon_stration","src/projects/003 - demon_stration/25__DSC_5746.jpg","25__DSC_5746.jpg","DSC_5746","N","","","User marked no RAW match."
"085","imgreg-000085","resolved","003 - demon_stration","src/projects/003 - demon_stration/26.jpg","26.jpg","DSC_5845457","A","A","","Default approved RAW candidate A."
"086","imgreg-000086","resolved","003 - demon_stration","src/projects/003 - demon_stration/27__DSC_6038.jpg","27__DSC_6038.jpg","DSC_6038","N","","","User marked no RAW match."
"087","imgreg-000087","resolved","003 - demon_stration","src/projects/003 - demon_stration/28__DSC_6023479.jpg","28__DSC_6023479.jpg","DSC_6023479","N","","","User marked no RAW match."
"088","imgreg-000088","resolved","003 - demon_stration","src/projects/003 - demon_stration/29__DSC_6161.jpg","29__DSC_6161.jpg","DSC_6161","N","","","User marked no RAW match."
"089","imgreg-000089","resolved","003 - demon_stration","src/projects/003 - demon_stration/30.jpg","30.jpg","DSC_1227","A","A","D:\RAW\2018\03 - March 2018\DSC_1227.NEF","Default approved RAW candidate A."
"090","imgreg-000090","resolved","003 - demon_stration","src/projects/003 - demon_stration/31__DSC_8217.jpg","31__DSC_8217.jpg","DSC_8217","N","","","User marked no RAW match."
"091","imgreg-000091","resolved","003 - demon_stration","src/projects/003 - demon_stration/32__DSC_0214.jpg","32__DSC_0214.jpg","DSC_0214","N","","","User marked no RAW match."
"092","imgreg-000092","resolved","003 - demon_stration","src/projects/003 - demon_stration/33__DSC_0441.jpg","33__DSC_0441.jpg","DSC_0441","A","A","D:\RAW\2018\02 - Februar 2018\DSC_0441.NEF","Default approved RAW candidate A."
"093","imgreg-000093","resolved","003 - demon_stration","src/projects/003 - demon_stration/34__DSC_0455.jpg","34__DSC_0455.jpg","DSC_0455","A","A","","Default approved RAW candidate A."
"094","imgreg-000094","resolved","003 - demon_stration","src/projects/003 - demon_stration/35__DSC_8254.jpg","35__DSC_8254.jpg","DSC_8254","A","A","D:\RAW\2018\05 May 2018 101\DSC_8254.NEF","Default approved RAW candidate A."
"095","imgreg-000095","resolved","003 - demon_stration","src/projects/003 - demon_stration/36.jpg","36.jpg","DSC_8357","A","A","D:\RAW\2019\09 september 2019\DSC_8357.NEF","Default approved RAW candidate A."
"096","imgreg-000096","unresolved","003 - demon_stration","src/projects/003 - demon_stration/37.jpg","37.jpg","","A","A","","Default approved RAW candidate A."
"097","imgreg-000097","resolved","003 - demon_stration","src/projects/003 - demon_stration/38.jpg","38.jpg","DSC_5769","N","","","User marked no RAW match."
"098","imgreg-000098","resolved","003 - demon_stration","src/projects/003 - demon_stration/39__DSC_5989477.jpg","39__DSC_5989477.jpg","DSC_5989477","A","A","","Default approved RAW candidate A."
"099","imgreg-000099","resolved","004 - windows_eyes_of_the_modern_soul","src/projects/004 - windows_eyes_of_the_modern_soul/01.jpg","01.jpg","DSC_0668","N","","","User marked no RAW match."
"100","imgreg-000100","resolved","004 - windows_eyes_of_the_modern_soul","src/projects/004 - windows_eyes_of_the_modern_soul/02__DSCF0369.jpg","02__DSCF0369.jpg","DSCF0369","A","A","","Default approved RAW candidate A."
"101","imgreg-000101","resolved","004 - windows_eyes_of_the_modern_soul","src/projects/004 - windows_eyes_of_the_modern_soul/03__DSC_01931.jpg","03__DSC_01931.jpg","DSC_01931","A","A","D:\RAW\2018\03 - March 2018\DSC_01931.NEF","Default approved RAW candidate A."
"102","imgreg-000102","resolved","004 - windows_eyes_of_the_modern_soul","src/projects/004 - windows_eyes_of_the_modern_soul/04.jpg","04.jpg","DSC_6845","A","A","D:\RAW\2018\05 May 2018 100\DSC_6845.NEF","Default approved RAW candidate A."
"103","imgreg-000103","resolved","004 - windows_eyes_of_the_modern_soul","src/projects/004 - windows_eyes_of_the_modern_soul/05.jpg","05.jpg","DSC_0987","A","A","D:\RAW\2019\02 februar 2019\DSC_0987.NEF","Default approved RAW candidate A."
"104","imgreg-000104","resolved","004 - windows_eyes_of_the_modern_soul","src/projects/004 - windows_eyes_of_the_modern_soul/06__DSC_01961.jpg","06__DSC_01961.jpg","DSC_01961","A","A","D:\RAW\2018\03 - March 2018\DSC_01961.NEF","Default approved RAW candidate A."
"105","imgreg-000105","resolved","004 - windows_eyes_of_the_modern_soul","src/projects/004 - windows_eyes_of_the_modern_soul/07__DSC_1364.jpg","07__DSC_1364.jpg","DSC_1364","A","A","D:\RAW\2018\03 - March 2018\DSC_1364.NEF","Default approved RAW candidate A."
"106","imgreg-000106","resolved","004 - windows_eyes_of_the_modern_soul","src/projects/004 - windows_eyes_of_the_modern_soul/08__DSC_1370.jpg","08__DSC_1370.jpg","DSC_1370","A","A","D:\RAW\2018\03 - March 2018\DSC_1370.NEF","Default approved RAW candidate A."
"107","imgreg-000107","resolved","004 - windows_eyes_of_the_modern_soul","src/projects/004 - windows_eyes_of_the_modern_soul/09.jpg","09.jpg","DSC_2542","A","A","D:\RAW\2017\23-1-17\DSC_2542.NEF","Default approved RAW candidate A."
"108","imgreg-000108","resolved","004 - windows_eyes_of_the_modern_soul","src/projects/004 - windows_eyes_of_the_modern_soul/10__DSC_2961.jpg","10__DSC_2961.jpg","DSC_2961","A","A","D:\RAW\2017\DNG\01-Jan-26-2017\DSC_2961.dng","Default approved RAW candidate A."
"109","imgreg-000109","resolved","004 - windows_eyes_of_the_modern_soul","src/projects/004 - windows_eyes_of_the_modern_soul/11__DSC_2961.jpg","11__DSC_2961.jpg","DSC_2961","A","A","D:\RAW\2017\DNG\01-Jan-26-2017\DSC_2961.dng","Default approved RAW candidate A."
"110","imgreg-000110","resolved","004 - windows_eyes_of_the_modern_soul","src/projects/004 - windows_eyes_of_the_modern_soul/12.jpg","12.jpg","DSC_2961","A","A","D:\RAW\2017\DNG\01-Jan-26-2017\DSC_2961.dng","Default approved RAW candidate A."
"111","imgreg-000111","resolved","004 - windows_eyes_of_the_modern_soul","src/projects/004 - windows_eyes_of_the_modern_soul/13__DSC_1027.jpg","13__DSC_1027.jpg","DSC_1027","A","A","","Default approved RAW candidate A."
"112","imgreg-000112","resolved","004 - windows_eyes_of_the_modern_soul","src/projects/004 - windows_eyes_of_the_modern_soul/14__DSC_3433.jpg","14__DSC_3433.jpg","DSC_3433","A","A","D:\RAW\2017\18,31-1-17 maria window fence puppet\DSC_3433.NEF","Default approved RAW candidate A."
"113","imgreg-000113","resolved","004 - windows_eyes_of_the_modern_soul","src/projects/004 - windows_eyes_of_the_modern_soul/15__DSC_3565.jpg","15__DSC_3565.jpg","DSC_3565","B","B","D:\RAW\2017\18,31-1-17 maria window fence puppet\DSC_3565 urban jail.NEF","User approved a non-default RAW candidate."
"114","imgreg-000114","resolved","004 - windows_eyes_of_the_modern_soul","src/projects/004 - windows_eyes_of_the_modern_soul/16.jpg","16.jpg","DSC_0656","N","","","User marked no RAW match."
"115","imgreg-000115","resolved","004 - windows_eyes_of_the_modern_soul","src/projects/004 - windows_eyes_of_the_modern_soul/17__DSC_0644.jpg","17__DSC_0644.jpg","DSC_0644","A","A","D:\RAW\100D3300\DSC_0644 BUILDING.NEF","Default approved RAW candidate A."
"116","imgreg-000116","resolved","004 - windows_eyes_of_the_modern_soul","src/projects/004 - windows_eyes_of_the_modern_soul/18__DSC_2392.jpg","18__DSC_2392.jpg","DSC_2392","A","A","D:\RAW\04-06-23\Israel - Warsaw - April - 2023\DSC_2392.NEF","Default approved RAW candidate A."
"117","imgreg-000117","resolved","004 - windows_eyes_of_the_modern_soul","src/projects/004 - windows_eyes_of_the_modern_soul/19__DSC_2855.jpg","19__DSC_2855.jpg","DSC_2855","N","","","User marked no RAW match."
"118","imgreg-000118","resolved","004 - windows_eyes_of_the_modern_soul","src/projects/004 - windows_eyes_of_the_modern_soul/20__DSC_3023.jpg","20__DSC_3023.jpg","DSC_3023","A","A","D:\RAW\2017\DNG\01-Jan-26-2017\DSC_3023.dng","Default approved RAW candidate A."
"119","imgreg-000119","resolved","004 - windows_eyes_of_the_modern_soul","src/projects/004 - windows_eyes_of_the_modern_soul/21__DSC_0038.jpg","21__DSC_0038.jpg","DSC_0038","A","A","D:\RAW\2017\03 march 2017\DSC_0038.NEF","Default approved RAW candidate A."
"120","imgreg-000120","resolved","004 - windows_eyes_of_the_modern_soul","src/projects/004 - windows_eyes_of_the_modern_soul/22.jpg","22.jpg","DSC_6948","A","A","D:\RAW\2018\05 May 2018 100\DSC_6948.NEF","Default approved RAW candidate A."
"121","imgreg-000121","resolved","004 - windows_eyes_of_the_modern_soul","src/projects/004 - windows_eyes_of_the_modern_soul/23__DSC_2924.jpg","23__DSC_2924.jpg","DSC_2924","N","","","User marked no RAW match."
"122","imgreg-000122","resolved","004 - windows_eyes_of_the_modern_soul","src/projects/004 - windows_eyes_of_the_modern_soul/24__DSC_1924.jpg","24__DSC_1924.jpg","DSC_1924","A","A","D:\RAW\2019\101JUN18 long sessions\DSC_1924.NEF","Default approved RAW candidate A."
"123","imgreg-000123","resolved","004 - windows_eyes_of_the_modern_soul","src/projects/004 - windows_eyes_of_the_modern_soul/25__DSC_4749.jpg","25__DSC_4749.jpg","DSC_4749","A","A","","Default approved RAW candidate A."
"124","imgreg-000124","resolved","004 - windows_eyes_of_the_modern_soul","src/projects/004 - windows_eyes_of_the_modern_soul/27__DSC_0663.jpg","27__DSC_0663.jpg","DSC_0663","N","","","User marked no RAW match."
"125","imgreg-000125","resolved","004 - windows_eyes_of_the_modern_soul","src/projects/004 - windows_eyes_of_the_modern_soul/28__DSC_0011.jpg","28__DSC_0011.jpg","DSC_0011","A","A","D:\RAW\2017\DNG\DSC_0011 window wall.dng","Default approved RAW candidate A."
"126","imgreg-000126","resolved","005 - doggy style","src/projects/005 - doggy style/01__DSC_6525.jpg","01__DSC_6525.jpg","DSC_6525","A","A","D:\RAW\2018\05 May 2018 100\DSC_6525.NEF","Default approved RAW candidate A."
"127","imgreg-000127","resolved","005 - doggy style","src/projects/005 - doggy style/02__DSC_1378.jpg","02__DSC_1378.jpg","DSC_1378","B","B","D:\RAW\2017\00 8-17 juanuary 17  lamps; shoes; dogi man, narnia, snow bench, leds, prywany\DSC_1378 man dog line.NEF","User approved a non-default RAW candidate."
"128","imgreg-000128","resolved","005 - doggy style","src/projects/005 - doggy style/03.jpg","03.jpg","DSC_1521","A","A","D:\RAW\2018\03 - March 2018\DSC_1521.NEF","Default approved RAW candidate A."
"129","imgreg-000129","resolved","005 - doggy style","src/projects/005 - doggy style/04__DSC_0067.jpg","04__DSC_0067.jpg","DSC_0067","A","A","D:\RAW\2018\03 - March 2018\DSC_0067.NEF","Default approved RAW candidate A."
"130","imgreg-000130","resolved","005 - doggy style","src/projects/005 - doggy style/05__DSC_9748.jpg","05__DSC_9748.jpg","DSC_9748","A","A","D:\RAW\2017\04 april 25,2017 u marta tanc priest michal lot moon  mozart jesus\DSC_9748.NEF","Default approved RAW candidate A."
"131","imgreg-000131","resolved","005 - doggy style","src/projects/005 - doggy style/06.jpg","06.jpg","DSC_1617","N","","","User marked no RAW match."
"132","imgreg-000132","resolved","005 - doggy style","src/projects/005 - doggy style/07__DSC_1354.jpg","07__DSC_1354.jpg","DSC_1354","A","A","D:\RAW\2018\02 - Februar 2018\Animal DSC_1354 dog nazi.NEF","Default approved RAW candidate A."
"133","imgreg-000133","resolved","005 - doggy style","src/projects/005 - doggy style/08__DSC_7592.jpg","08__DSC_7592.jpg","DSC_7592","A","A","D:\RAW\2018\05 May 2018 100\DSC_7592.NEF","Default approved RAW candidate A."
"134","imgreg-000134","unresolved","005 - doggy style","src/projects/005 - doggy style/09.jpg","09.jpg","","A","A","","Default approved RAW candidate A."
"135","imgreg-000135","resolved","006 - smashed","src/projects/006 - smashed/01.jpg","01.jpg","DSC_3606","N","","","User marked no RAW match."
"136","imgreg-000136","resolved","006 - smashed","src/projects/006 - smashed/02__DSC_5631.jpg","02__DSC_5631.jpg","DSC_5631","N","","","User marked no RAW match."
"137","imgreg-000137","resolved","006 - smashed","src/projects/006 - smashed/03__DSC_0194.jpg","03__DSC_0194.jpg","DSC_0194","A","A","D:\RAW\2018\04 - April 2018 visit sisters\visit sisters DSC_0194.NEF","Default approved RAW candidate A."
"138","imgreg-000138","resolved","006 - smashed","src/projects/006 - smashed/04__DSC_3763.jpg","04__DSC_3763.jpg","DSC_3763","A","A","","Default approved RAW candidate A."
"139","imgreg-000139","resolved","006 - smashed","src/projects/006 - smashed/05__DSC_3656.jpg","05__DSC_3656.jpg","DSC_3656","N","","","User marked no RAW match."
"140","imgreg-000140","resolved","006 - smashed","src/projects/006 - smashed/06__DSC_0111.jpg","06__DSC_0111.jpg","DSC_0111","A","A","D:\RAW\2018\02 - Februar 2018\DSC_0111.NEF","Default approved RAW candidate A."
"141","imgreg-000141","resolved","006 - smashed","src/projects/006 - smashed/07.jpg","07.jpg","DSC_0972","A","A","D:\RAW\2019\02 februar 2019\DSC_0972.NEF","Default approved RAW candidate A."
"142","imgreg-000142","resolved","006 - smashed","src/projects/006 - smashed/08.jpg","08.jpg","DSC_8300","A","A","D:\RAW\2017\04 april 25,2017 u marta tanc priest michal lot moon  mozart jesus\DSC_8300.NEF","Default approved RAW candidate A."
"143","imgreg-000143","resolved","006 - smashed","src/projects/006 - smashed/09__DSC_6703.jpg","09__DSC_6703.jpg","DSC_6703","A","A","D:\RAW\2017\04 april 01, 2017 tram session, cat bench, shadows,\DSC_6703.NEF","Default approved RAW candidate A."
"144","imgreg-000144","resolved","006 - smashed","src/projects/006 - smashed/10__DSC_0070.jpg","10__DSC_0070.jpg","DSC_0070","A","A","D:\RAW\2018\02 - Februar 2018\DSC_0070.NEF","Default approved RAW candidate A."
"145","imgreg-000145","resolved","006 - smashed","src/projects/006 - smashed/11__DSC_1873.jpg","11__DSC_1873.jpg","DSC_1873","A","A","D:\RAW\2019\03 merch 2019\DSC_1873.NEF","Default approved RAW candidate A."
"146","imgreg-000146","resolved","006 - smashed","src/projects/006 - smashed/12__DSC_0045.jpg","12__DSC_0045.jpg","DSC_0045","A","A","D:\RAW\2018\02 - Februar 2018\DSC_0045.NEF","Default approved RAW candidate A."
"147","imgreg-000147","resolved","006 - smashed","src/projects/006 - smashed/13__DSC_0230.jpg","13__DSC_0230.jpg","DSC_0230","A","A","D:\RAW\2018\02 - Februar 2018\DSC_0230.NEF","Default approved RAW candidate A."
"148","imgreg-000148","resolved","006 - smashed","src/projects/006 - smashed/14__DSC_0130.jpg","14__DSC_0130.jpg","DSC_0130","A","A","D:\RAW\2018\02 - Februar 2018\DSC_0130.NEF","Default approved RAW candidate A."
"149","imgreg-000149","resolved","006 - smashed","src/projects/006 - smashed/15__DSC_0601.jpg","15__DSC_0601.jpg","DSC_0601","A","A","D:\RAW\2018\03 - March 2018\DSC_0601.NEF","Default approved RAW candidate A."
"150","imgreg-000150","resolved","006 - smashed","src/projects/006 - smashed/16.jpg","16.jpg","DSC_1832041","A","A","","Default approved RAW candidate A."
"151","imgreg-000151","resolved","006 - smashed","src/projects/006 - smashed/17__DSC_9371.jpg","17__DSC_9371.jpg","DSC_9371","A","A","","Default approved RAW candidate A."
"152","imgreg-000152","resolved","006 - smashed","src/projects/006 - smashed/18__DSC_7473.jpg","18__DSC_7473.jpg","DSC_7473","N","","","User marked no RAW match."
"153","imgreg-000153","resolved","006 - smashed","src/projects/006 - smashed/19__DSC_7110.jpg","19__DSC_7110.jpg","DSC_7110","A","A","D:\RAW\2017\04 april 01, 2017 tram session, cat bench, shadows,\DSC_7110.NEF","Default approved RAW candidate A."
"154","imgreg-000154","resolved","007 - umbrellas","src/projects/007 - umbrellas/01__DSC_0106.jpg","01__DSC_0106.jpg","DSC_0106","A","A","D:\RAW\2017\03 march 2017\DSC_0106.NEF","Default approved RAW candidate A."
"155","imgreg-000155","resolved","007 - umbrellas","src/projects/007 - umbrellas/02__DSC_9706.jpg","02__DSC_9706.jpg","DSC_9706","N","","","User marked no RAW match."
"156","imgreg-000156","resolved","007 - umbrellas","src/projects/007 - umbrellas/03__DSC_0108.jpg","03__DSC_0108.jpg","DSC_0108","A","A","D:\RAW\2017\03 march 2017\DSC_0108.NEF","Default approved RAW candidate A."
"157","imgreg-000157","resolved","007 - umbrellas","src/projects/007 - umbrellas/04__DSC_6529.jpg","04__DSC_6529.jpg","DSC_6529","A","A","","Default approved RAW candidate A."
"158","imgreg-000158","resolved","007 - umbrellas","src/projects/007 - umbrellas/05__DSC_9492.jpg","05__DSC_9492.jpg","DSC_9492","A","A","D:\RAW\2017\04 april 25,2017 u marta tanc priest michal lot moon  mozart jesus\DSC_9492.NEF","Default approved RAW candidate A."
"159","imgreg-000159","resolved","007 - umbrellas","src/projects/007 - umbrellas/06__DSC_7135.jpg","06__DSC_7135.jpg","DSC_7135","N","","","User marked no RAW match."
"160","imgreg-000160","resolved","007 - umbrellas","src/projects/007 - umbrellas/07.jpg","07.jpg","DSC_7088","N","","","User marked no RAW match."
"161","imgreg-000177","resolved","007 - umbrellas","src/projects/007 - umbrellas/07A.jpg","07A.jpg","DSC_7162","N","","","User marked no RAW match."
"162","imgreg-000161","resolved","007 - umbrellas","src/projects/007 - umbrellas/08__DSC_6435.jpg","08__DSC_6435.jpg","DSC_6435","A","A","","Default approved RAW candidate A."
"163","imgreg-000162","resolved","007 - umbrellas","src/projects/007 - umbrellas/09__DSC_6466.jpg","09__DSC_6466.jpg","DSC_6466","N","","","User marked no RAW match."
"164","imgreg-000163","resolved","007 - umbrellas","src/projects/007 - umbrellas/10__DSC_6462.jpg","10__DSC_6462.jpg","DSC_6462","A","A","","Default approved RAW candidate A."
"165","imgreg-000164","resolved","007 - umbrellas","src/projects/007 - umbrellas/11__DSC_6488.jpg","11__DSC_6488.jpg","DSC_6488","A","A","","Default approved RAW candidate A."
"166","imgreg-000165","resolved","007 - umbrellas","src/projects/007 - umbrellas/12__DSC_0353.jpg","12__DSC_0353.jpg","DSC_0353","A","A","D:\RAW\2018\03 - March 2018\DSC_0353.NEF","Default approved RAW candidate A."
"167","imgreg-000166","resolved","007 - umbrellas","src/projects/007 - umbrellas/13__DSC_0648.jpg","13__DSC_0648.jpg","DSC_0648","A","A","D:\RAW\2018\03 - March 2018\DSC_0648.NEF","Default approved RAW candidate A."
"168","imgreg-000167","resolved","007 - umbrellas","src/projects/007 - umbrellas/14__DSC_0664.jpg","14__DSC_0664.jpg","DSC_0664","A","A","D:\RAW\2018\03 - March 2018\DSC_0664.NEF","Default approved RAW candidate A."
"169","imgreg-000168","resolved","007 - umbrellas","src/projects/007 - umbrellas/15__DSC_1241.jpg","15__DSC_1241.jpg","DSC_1241","A","A","D:\RAW\2018\03 - March 2018\DSC_1241.NEF","Default approved RAW candidate A."
"170","imgreg-000169","resolved","007 - umbrellas","src/projects/007 - umbrellas/16.jpg","16.jpg","DSC_1053","A","A","D:\RAW\2018\03 - March 2018\DSC_1053.NEF","Default approved RAW candidate A."
"171","imgreg-000170","resolved","007 - umbrellas","src/projects/007 - umbrellas/17.jpg","17.jpg","DSC_1090","A","A","D:\RAW\2018\03 - March 2018\DSC_1090.NEF","Default approved RAW candidate A."
"172","imgreg-000171","resolved","007 - umbrellas","src/projects/007 - umbrellas/18__DSC_0766.jpg","18__DSC_0766.jpg","DSC_0766","N","","","User marked no RAW match."
"173","imgreg-000172","resolved","007 - umbrellas","src/projects/007 - umbrellas/19__DSC_8591.jpg","19__DSC_8591.jpg","DSC_8591","N","","","User marked no RAW match."
"174","imgreg-000173","resolved","007 - umbrellas","src/projects/007 - umbrellas/20__DSC_8600.jpg","20__DSC_8600.jpg","DSC_8600","N","","","User marked no RAW match."
"175","imgreg-000174","resolved","007 - umbrellas","src/projects/007 - umbrellas/21__DSC_0870.jpg","21__DSC_0870.jpg","DSC_0870","A","A","D:\RAW\2018\03 - March 2018\DSC_0870.NEF","Default approved RAW candidate A."
"176","imgreg-000175","resolved","007 - umbrellas","src/projects/007 - umbrellas/22__DSC_3668.jpg","22__DSC_3668.jpg","DSC_3668","N","","","User marked no RAW match."
"177","imgreg-000176","unresolved","007 - umbrellas","src/projects/007 - umbrellas/23.jpg","23.jpg","","A","A","","Default approved RAW candidate A."
"178","imgreg-000216","resolved","008 - arty","src/projects/008 - arty/001__DSC_9544.jpg","001__DSC_9544.jpg","DSC_9544","A","A","D:\RAW\2018\07 july 2018\DSC_9544 OGOREK .NEF","Default approved RAW candidate A."
"179","imgreg-000178","resolved","008 - arty","src/projects/008 - arty/01__DSC_1834.jpg","01__DSC_1834.jpg","DSC_1834","A","A","D:\RAW\2018\03 - March 2018\DSC_1834.NEF","Default approved RAW candidate A."
"180","imgreg-000179","resolved","008 - arty","src/projects/008 - arty/02__IMG_20220730.jpg","02__IMG_20220730.jpg","IMG_20220730","A","A","","Default approved RAW candidate A."
"181","imgreg-000180","unresolved","008 - arty","src/projects/008 - arty/03.jpg","03.jpg","","A","A","","Default approved RAW candidate A."
"182","imgreg-000181","resolved","008 - arty","src/projects/008 - arty/04.jpg","04.jpg","DSC_3014","A","A","D:\RAW\2017\DNG\01-Jan-26-2017\DSC_3014.dng","Default approved RAW candidate A."
"183","imgreg-000182","resolved","008 - arty","src/projects/008 - arty/05__DSC_0395.jpg","05__DSC_0395.jpg","DSC_0395","A","A","D:\RAW\2018\03 - March 2018\DSC_0395.NEF","Default approved RAW candidate A."
"184","imgreg-000183","resolved","008 - arty","src/projects/008 - arty/06.jpg","06.jpg","DSC_4562","A","A","D:\RAW\2017\4.2.17 lub lab joker, nazi cross, smoking, r2d2, sonia,\DSC_4562.NEF","Default approved RAW candidate A."
"185","imgreg-000184","resolved","008 - arty","src/projects/008 - arty/07__DSC_8211.jpg","07__DSC_8211.jpg","DSC_8211","A","A","D:\RAW\2018\05 May 2018 101\DSC_8211.NEF","Default approved RAW candidate A."
"186","imgreg-000185","unresolved","008 - arty","src/projects/008 - arty/08.jpg","08.jpg","","A","A","","Default approved RAW candidate A."
"187","imgreg-000186","resolved","008 - arty","src/projects/008 - arty/09__DSC_6845.jpg","09__DSC_6845.jpg","DSC_6845","N","","","User marked no RAW match."
"188","imgreg-000187","resolved","008 - arty","src/projects/008 - arty/10__DSC_2792.jpg","10__DSC_2792.jpg","DSC_2792","N","","","User marked no RAW match."
"189","imgreg-000188","resolved","008 - arty","src/projects/008 - arty/11__DSC_4777.jpg","11__DSC_4777.jpg","DSC_4777","A","A","","Default approved RAW candidate A."
"190","imgreg-000189","resolved","008 - arty","src/projects/008 - arty/12__DSC_4846.jpg","12__DSC_4846.jpg","DSC_4846","N","","","User marked no RAW match."
"191","imgreg-000190","resolved","008 - arty","src/projects/008 - arty/13__DSC_8787.jpg","13__DSC_8787.jpg","DSC_8787","A","A","D:\RAW\2018\06 june 2018\DSC_8787.NEF","Default approved RAW candidate A."
"192","imgreg-000191","held","008 - arty","src/projects/008 - arty/15.jpg","15.jpg","DSC_0051","N","","","User marked no RAW match."
"193","imgreg-000192","resolved","008 - arty","src/projects/008 - arty/16__DSC_1377.jpg","16__DSC_1377.jpg","DSC_1377","B","B","D:\RAW\2017\00 8-17 juanuary 17  lamps; shoes; dogi man, narnia, snow bench, leds, prywany\DSC_1377 kings shoes.NEF","User approved a non-default RAW candidate."
"194","imgreg-000193","unresolved","008 - arty","src/projects/008 - arty/17.jpg","17.jpg","","A","A","","Default approved RAW candidate A."
"195","imgreg-000194","resolved","008 - arty","src/projects/008 - arty/18__DSC_8144.jpg","18__DSC_8144.jpg","DSC_8144","N","","","User marked no RAW match."
"196","imgreg-000195","resolved","008 - arty","src/projects/008 - arty/19__IMG_20230609.jpg","19__IMG_20230609.jpg","IMG_20230609","A","A","","Default approved RAW candidate A."
"197","imgreg-000196","resolved","008 - arty","src/projects/008 - arty/20__DSC_2609.jpg","20__DSC_2609.jpg","DSC_2609","A","A","D:\RAW\2017\23-1-17\DSC_2609.NEF","Default approved RAW candidate A."
"198","imgreg-000197","resolved","008 - arty","src/projects/008 - arty/21__DSC_8006.jpg","21__DSC_8006.jpg","DSC_8006","N","","","User marked no RAW match."
"199","imgreg-000198","resolved","008 - arty","src/projects/008 - arty/22.jpg","22.jpg","DSC_2587","A","A","D:\RAW\2017\23-1-17\DSC_2587.NEF","Default approved RAW candidate A."
"200","imgreg-000199","resolved","008 - arty","src/projects/008 - arty/23.jpg","23.jpg","DSC_1379","A","A","D:\RAW\2017\00 8-17 juanuary 17  lamps; shoes; dogi man, narnia, snow bench, leds, prywany\DSC_1379 narnia.NEF","Default approved RAW candidate A."
"201","imgreg-000200","resolved","008 - arty","src/projects/008 - arty/24.jpg","24.jpg","DSC_0010","A","A","D:\RAW\2018\02 - Februar 2018\DSC_0010.NEF","Default approved RAW candidate A."
"202","imgreg-000201","unresolved","008 - arty","src/projects/008 - arty/25.jpg","25.jpg","","A","A","","Default approved RAW candidate A."
"203","imgreg-000202","resolved","008 - arty","src/projects/008 - arty/26__DSCF1581.jpg","26__DSCF1581.jpg","DSCF1581","A","A","","Default approved RAW candidate A."
"204","imgreg-000203","resolved","008 - arty","src/projects/008 - arty/27__DSC_1566.jpg","27__DSC_1566.jpg","DSC_1566","A","A","D:\RAW\2017\23-1-17\DSC_1566.NEF","Default approved RAW candidate A."
"205","imgreg-000204","resolved","008 - arty","src/projects/008 - arty/28__DSC_1624.jpg","28__DSC_1624.jpg","DSC_1624","A","A","D:\RAW\2017\23-1-17\DSC_1624 pod mostem lamps.NEF","Default approved RAW candidate A."
"206","imgreg-000205","resolved","008 - arty","src/projects/008 - arty/29__DSC_0281.jpg","29__DSC_0281.jpg","DSC_0281","N","","","User marked no RAW match."
"207","imgreg-000206","resolved","008 - arty","src/projects/008 - arty/30__DSC_5995478.jpg","30__DSC_5995478.jpg","DSC_5995478","A","A","","Default approved RAW candidate A."
"208","imgreg-000207","resolved","008 - arty","src/projects/008 - arty/31__DSC_1300.jpg","31__DSC_1300.jpg","DSC_1300","A","A","D:\RAW\2018\03 - March 2018\DSC_1300.NEF","Default approved RAW candidate A."
"209","imgreg-000208","resolved","008 - arty","src/projects/008 - arty/33.jpg","33.jpg","DSC_0617","A","A","D:\RAW\2018\02 - Februar 2018\DSC_0617.NEF","Default approved RAW candidate A."
"210","imgreg-000209","resolved","008 - arty","src/projects/008 - arty/34__DSC_1555.jpg","34__DSC_1555.jpg","DSC_1555","A","A","D:\RAW\2017\23-1-17\DSC_1555 narnia lamp 004.NEF","Default approved RAW candidate A."
"211","imgreg-000210","resolved","008 - arty","src/projects/008 - arty/35__DSC_1938.jpg","35__DSC_1938.jpg","DSC_1938","A","A","D:\RAW\2017\23-1-17\DSC_1938.NEF","Default approved RAW candidate A."
"212","imgreg-000211","resolved","008 - arty","src/projects/008 - arty/36__DSC_4125.jpg","36__DSC_4125.jpg","DSC_4125","A","A","D:\RAW\2019\101JUN18 long sessions\DSC_4125.NEF","Default approved RAW candidate A."
"213","imgreg-000212","resolved","008 - arty","src/projects/008 - arty/37__DSC_5442.jpg","37__DSC_5442.jpg","DSC_5442","A","A","D:\RAW\2017\14-2-17 bench  bike bond\DSC_5442.NEF","Default approved RAW candidate A."
"214","imgreg-000213","resolved","008 - arty","src/projects/008 - arty/38__DSC_6495.jpg","38__DSC_6495.jpg","DSC_6495","N","","","User marked no RAW match."
"215","imgreg-000214","resolved","008 - arty","src/projects/008 - arty/39__DSC_2647.jpg","39__DSC_2647.jpg","DSC_2647","B","B","D:\RAW\2017\23-1-17\DSC_2647 justyna.NEF","User approved a non-default RAW candidate."
"216","imgreg-000215","resolved","008 - arty","src/projects/008 - arty/40__DSC_6639.jpg","40__DSC_6639.jpg","DSC_6639","A","A","D:\RAW\2018\05 May 2018 100\DSC_6639.NEF","Default approved RAW candidate A."
"217","imgreg-000217","resolved","009 - KING NO SMO","src/projects/009 - KING NO SMO/01.jpg","01.jpg","DSC_1113","A","A","D:\RAW\2018\02 - Februar 2018\DSC_1113 smoke.NEF","Default approved RAW candidate A."
"218","imgreg-000218","resolved","009 - KING NO SMO","src/projects/009 - KING NO SMO/02__DSC_1309.jpg","02__DSC_1309.jpg","DSC_1309","N","","","User marked no RAW match."
"219","imgreg-000219","resolved","009 - KING NO SMO","src/projects/009 - KING NO SMO/03.jpg","03.jpg","DSC_0162","A","A","D:\RAW\100D3300\DSC_0162.NEF","Default approved RAW candidate A."
"220","imgreg-000220","resolved","009 - KING NO SMO","src/projects/009 - KING NO SMO/04__DSC_4583.jpg","04__DSC_4583.jpg","DSC_4583","A","A","D:\RAW\2017\4.2.17 lub lab joker, nazi cross, smoking, r2d2, sonia,\DSC_4583.NEF","Default approved RAW candidate A."
"221","imgreg-000221","resolved","009 - KING NO SMO","src/projects/009 - KING NO SMO/05.jpg","05.jpg","DSC_2925","N","","","User marked no RAW match."
